dc_class,dcca_eng,NTorDC,dcca_class,pls_same,pls_diff_hk,pls_diff_kln,pls_diff_nt,pls_diff_oth,plw_same,plw_diff_hk,plw_diff_kln,plw_diff_nt,plw_diff_oth
A,Central and Western - Chung Wan,A,A01,715,276,107,113,6,1869,1518,701,322,113
A,Central and Western - Mid Levels East,A,A02,1250,396,90,91,13,3174,1320,899,284,80
A,Central and Western - Castle Road,A,A03,1163,1050,146,92,30,3664,1882,1324,412,138
A,Central and Western - Peak,A,A04,604,1156,461,304,-,3025,1394,917,331,47
A,Central and Western - University,A,A05,1491,787,213,115,42,2648,1642,1201,316,108
A,Central and Western - Kwun Lung,A,A06,1400,470,244,149,9,2874,2135,1215,279,80
A,Central and Western - Kennedy Town & Mount Davis,A,A07,1287,772,160,55,47,3519,1902,1012,449,76
A,Central and Western - Sai Wan,A,A08,1334,221,178,74,43,2614,1774,1120,431,163
A,Central and Western - Belcher,A,A09,1512,918,308,107,63,3186,2242,1671,461,124
A,Central and Western - Shek Tong Tsui,A,A10,1446,259,291,142,32,2989,1782,1189,366,94
A,Central and Western - Sai Ying Pun,A,A11,1298,376,138,63,54,2744,1546,981,270,62
A,Central and Western - Sheung Wan,A,A12,1166,499,320,126,21,3224,1592,1326,280,59
A,Central and Western - Tung Wah,A,A13,682,283,110,81,41,2649,1714,809,446,140
A,Central and Western - Centre Street,A,A14,971,452,202,61,23,3095,1422,1313,437,105
A,Central and Western - Water Street,A,A15,1174,334,256,66,11,2744,1997,1238,533,207
B,Wan Chai - Hennessy,B,B01,586,548,66,42,2,1299,2016,730,398,111
B,Wan Chai - Oi Kwan,B,B02,742,216,100,50,8,1569,1721,974,390,125
B,Wan Chai - Canal Road,B,B03,921,349,199,54,8,1763,2002,782,352,106
B,Wan Chai - Causeway Bay,B,B04,631,488,101,56,-,1735,1898,852,277,78
B,Wan Chai - Victoria Park,B,B05,524,966,119,87,-,1147,2333,1034,270,90
B,Wan Chai - Tin Hau,B,B06,950,538,143,211,35,1068,2452,942,269,121
B,Wan Chai - Tai Hang,B,B07,545,505,139,137,56,1155,1797,874,285,41
B,Wan Chai - Jardine's Lookout,B,B08,464,965,162,43,10,1214,2077,815,241,21
B,Wan Chai - Broadwood,B,B09,763,822,155,48,11,882,1941,843,246,30
B,Wan Chai - Happy Valley,B,B10,735,576,216,57,-,1229,2251,812,229,213
B,Wan Chai - Stubbs Road,B,B11,584,845,192,47,15,1028,1776,814,97,44
B,Wan Chai - Southorn,B,B12,568,752,133,82,-,1891,2397,680,220,46
B,Wan Chai - Tai Fat Hau,B,B13,481,396,74,26,-,1446,2250,607,219,146
C,Eastern - Tai Koo Shing West,C,C01,1035,970,210,70,18,1291,2275,1577,450,103
C,Eastern - Tai Koo Shing East,C,C02,1115,1040,182,72,36,1223,2401,1592,517,73
C,Eastern - Lei King Wan,C,C03,1603,943,228,146,13,1986,2940,1957,594,190
C,Eastern - Sai Wan Ho,C,C04,1304,620,191,59,11,2195,2920,1566,425,249
C,Eastern - Aldrich Bay,C,C05,1604,318,249,123,11,2000,2321,1252,520,150
C,Eastern - Shaukeiwan,C,C06,892,319,132,109,-,1612,1958,1338,333,123
C,Eastern - A Kung Ngam,C,C07,1640,430,242,195,43,2160,2747,1376,567,129
C,Eastern - Heng Fa Chuen,C,C08,1201,1014,141,154,53,1536,2981,1952,506,134
C,Eastern - Tsui Wan,C,C09,701,408,128,114,75,1715,1643,983,409,27
C,Eastern - Yan Lam,C,C10,1298,858,149,122,11,1674,2589,1395,414,86
C,Eastern - Siu Sai Wan,C,C11,969,219,159,31,-,1604,1457,749,413,119
C,Eastern - King Yee,C,C12,935,271,270,216,-,1453,2358,1623,385,140
C,Eastern - Wan Tsui,C,C13,1071,253,131,84,27,2296,1772,781,427,76
C,Eastern - Fei Tsui,C,C14,1167,296,261,29,26,1639,1516,1213,415,218
C,Eastern - Mount Parker,C,C15,746,460,174,48,5,1744,1413,1168,277,96
C,Eastern - Braemar Hill,C,C16,996,1248,172,41,22,834,2460,930,164,101
C,Eastern - Fortress Hill,C,C17,1109,695,212,99,11,1144,2399,1341,427,148
C,Eastern - City Garden,C,C18,923,747,254,47,30,1299,2110,1016,432,149
C,Eastern - Provident,C,C19,1216,584,223,145,16,1661,2274,1430,426,202
C,Eastern - Fort Street,C,C20,1262,489,276,98,48,1548,2517,1006,477,53
C,Eastern - Kam Ping,C,C21,1293,636,176,118,11,1621,2392,1406,440,92
C,Eastern - Tanner,C,C22,1016,814,96,64,39,1468,2729,1332,469,268
C,Eastern - Healthy Village,C,C23,720,508,199,144,82,1434,2090,1247,485,92
C,Eastern - Quarry Bay,C,C24,882,313,112,48,12,1277,1922,970,325,87
C,Eastern - Nam Fung,C,C25,849,473,113,71,25,1276,1866,1168,496,57
C,Eastern - Kornhill,C,C26,750,875,176,104,28,1256,2222,1332,392,104
C,Eastern - Kornhill Garden,C,C27,837,513,183,125,-,1221,2070,1156,422,105
C,Eastern - Hing Tung,C,C28,1316,362,314,92,21,1867,2179,1504,484,115
C,Eastern - Lower Yiu Tung,C,C29,1361,225,194,94,18,2239,2103,1116,400,98
C,Eastern - Upper Yiu Tung,C,C30,1001,174,123,107,-,1732,1682,960,349,106
C,Eastern - Hing Man,C,C31,943,189,173,127,8,2092,1399,801,304,97
C,Eastern - Lok Hong,C,C32,956,212,200,145,2,1482,1939,1152,377,44
C,Eastern - Tsui Tak,C,C33,1016,280,215,102,-,1706,2078,1463,467,105
C,Eastern - Yue Wan,C,C34,1535,339,316,261,41,2129,1878,1241,450,93
C,Eastern - Kai Hiu,C,C35,1088,66,174,80,-,1982,1535,733,280,99
D,Southern - Aberdeen,D,D01,1571,940,184,97,9,2760,3259,1043,661,202
D,Southern - Ap Lei Chau Estate,D,D02,827,343,133,80,-,1725,1586,918,221,99
D,Southern - Ap Lei Chau North,D,D03,1021,561,93,92,13,1592,2400,1016,330,87
D,Southern - Lei Tung I,D,D04,903,386,158,13,-,1569,2067,1126,353,124
D,Southern - Lei Tung II,D,D05,486,288,108,33,9,2027,2335,898,218,55
D,Southern - South Horizons East,D,D06,675,1060,205,171,-,905,2983,1278,468,91
D,Southern - South Horizons West,D,D07,965,1171,208,110,19,1150,2616,1014,465,135
D,Southern - Wah Kwai,D,D08,684,264,91,109,-,1783,1851,743,278,103
D,Southern - Wah Fu South,D,D09,893,289,156,116,22,1568,1995,577,292,83
D,Southern - Wah Fu North,D,D10,1113,470,202,53,8,1580,2164,848,181,78
D,Southern - Pokfulam,D,D11,2021,1118,103,41,48,833,3490,886,224,99
D,Southern - Chi Fu,D,D12,564,940,122,173,25,1160,2880,1239,320,210
D,Southern - Tin Wan,D,D13,1518,648,174,88,17,2442,2545,1024,346,314
D,Southern - Shek Yue,D,D14,1188,456,178,171,20,2755,2312,802,420,67
D,Southern - Wong Chuk Hang,D,D15,826,707,88,80,11,1350,2664,1055,402,188
D,Southern - Bays Area,D,D16,2104,521,218,64,14,397,2895,697,138,55
D,Southern - Stanley & Shek O,D,D17,1530,978,284,239,29,1983,3323,1393,267,162
E,Yau Tsim Mong - Tsim Sha Tsui West,E,E01,342,316,503,185,88,1679,1426,563,376,75
E,Yau Tsim Mong - Kowloon Station,E,E02,559,809,939,240,14,1151,2410,791,1131,87
E,Yau Tsim Mong - Jordan West,E,E03,935,263,482,129,-,2287,1198,757,929,277
E,Yau Tsim Mong - Yau Ma Tei South,E,E04,1178,215,788,137,37,1698,2177,1222,892,386
E,Yau Tsim Mong - Charming,E,E05,1200,212,810,247,35,1773,1551,1641,1019,147
E,Yau Tsim Mong - Mong Kok West,E,E06,1421,122,509,186,-,2358,1690,1307,853,105
E,Yau Tsim Mong - Fu Pak,E,E07,1361,421,867,398,24,1577,1797,1515,1149,175
E,Yau Tsim Mong - Olympic,E,E08,1182,790,1046,318,30,1960,3469,1059,1040,253
E,Yau Tsim Mong - Cherry,E,E09,1011,365,728,160,5,1881,1945,890,777,178
E,Yau Tsim Mong - Tai Kok Tsui South,E,E10,903,99,410,97,16,2035,1385,1063,517,190
E,Yau Tsim Mong - Tai Kok Tsui North,E,E11,1725,293,965,420,30,2515,1982,1630,1290,358
E,Yau Tsim Mong - Tai Nan,E,E12,1061,187,993,271,28,2179,1758,2172,1129,314
E,Yau Tsim Mong - Mong Kok North,E,E13,1607,117,459,191,21,1943,1515,1268,784,422
E,Yau Tsim Mong - Mong Kok East,E,E14,628,109,882,155,3,1234,1369,1223,721,149
E,Yau Tsim Mong - Mong Kok South,E,E15,1065,149,603,188,77,2426,1363,1427,755,123
E,Yau Tsim Mong - Yau Ma Tei North,E,E16,573,154,354,127,13,1367,1156,1224,559,248
E,Yau Tsim Mong - East Tsim Sha Tsui & King's Park,E,E17,535,189,815,177,34,1507,2035,1518,662,186
E,Yau Tsim Mong - Jordan North,E,E18,888,337,497,79,13,2015,1554,1029,511,238
E,Yau Tsim Mong - Jordan South,E,E19,583,183,312,110,21,2024,1104,673,478,153
E,Yau Tsim Mong - Tsim Sha Tsui Central,E,E20,502,230,511,268,56,2094,1330,689,396,128
F,Sham Shui Po - Po Lai,F,F01,1809,78,659,150,38,1311,1520,1844,1176,407
F,Sham Shui Po - Cheung Sha Wan,F,F02,1179,36,309,165,35,1373,1302,1810,1147,314
F,Sham Shui Po - Nam Cheong North,F,F03,1558,184,493,174,3,1451,1199,2177,1072,371
F,Sham Shui Po - Shek Kip Mei,F,F04,1754,216,618,304,46,1276,1119,2205,960,347
F,Sham Shui Po - Nam Cheong East,F,F05,2355,278,903,355,10,1205,1658,2761,1079,355
F,Sham Shui Po - Nam Cheong South,F,F06,1140,127,887,533,45,1523,1486,2160,936,296
F,Sham Shui Po - Nam Cheong Central,F,F07,2103,52,414,204,-,1278,1260,1566,959,299
F,Sham Shui Po - Nam Cheong West,F,F08,1358,83,689,241,20,1474,1370,2249,1076,294
F,Sham Shui Po - Fu Cheong,F,F09,1308,138,520,277,45,1500,1849,2580,1215,415
F,Sham Shui Po - Lai Kok,F,F10,1161,120,237,209,29,835,848,1307,813,125
F,Sham Shui Po - Fortune,F,F11,1810,352,1007,492,59,1496,1611,2017,1649,309
F,Sham Shui Po - Pik Wui,F,F12,1476,572,1776,698,76,895,3250,3342,1927,336
F,Sham Shui Po - Lai Chi Kok Central,F,F13,1929,389,1052,333,9,1253,2553,2822,1578,347
F,Sham Shui Po - Lai Chi Kok South,7,F14,1660,253,635,460,42,1332,804,1479,1084,309
F,Sham Shui Po - Mei Foo South,F,F15,898,226,985,278,36,893,1682,1692,1286,127
F,Sham Shui Po - Mei Foo Central,F,F16,763,171,446,278,33,501,1475,1304,1043,264
F,Sham Shui Po - Mei Foo North,F,F17,914,140,774,314,-,946,1675,1243,1192,200
F,Sham Shui Po - Lai Chi Kok North,F,F18,1332,95,448,148,13,1360,1421,1478,1333,262
F,Sham Shui Po - Un Chau,F,F19,1196,153,506,220,17,1386,1002,1740,1126,250
F,Sham Shui Po - So Uk,F,F20,2051,578,1292,637,82,995,1171,2226,951,93
F,Sham Shui Po - Lei Cheng Uk,F,F21,838,93,193,112,-,982,783,1507,1022,267
F,Sham Shui Po - Lung Ping & Sheung Pak Tin,F,F22,1054,91,535,216,16,867,1052,1473,875,128
F,Sham Shui Po - Ha Pak Tin,F,F23,868,43,389,57,61,1108,942,1267,923,332
F,Sham Shui Po - Yau Yat Tsuen,F,F24,956,209,1046,143,9,573,1506,1303,822,42
F,"Sham Shui Po - Nam Shan, Tai Hang Tung & Tai Hang Sai",F,F25,1359,105,541,224,17,974,1335,2188,1031,276
G,Kowloon City - Ma Tau Wai,G,G01,1762,159,416,365,44,1315,1523,2340,1011,348
G,Kowloon City - Sung Wong Toi,G,G02,2847,253,795,250,-,1819,1622,2508,1031,251
G,Kowloon City - Ma Hang Chung,G,G03,1672,149,714,255,29,1399,1998,3438,941,301
G,Kowloon City - Ma Tau Kok,G,G04,1215,163,285,128,9,1232,1495,1620,552,290
G,Kowloon City - Lok Man,G,G05,1423,279,277,306,-,910,1187,1852,602,134
G,Kowloon City - Sheung Lok,G,G06,1907,205,480,374,34,1074,2326,3035,1041,149
G,Kowloon City - Ho Man Tin,G,G07,1532,161,546,206,6,599,2016,2430,657,137
G,Kowloon City - Kadoorie,G,G08,1246,203,431,198,12,448,1639,2461,835,165
G,Kowloon City - Prince,G,G09,1582,269,565,222,5,491,1415,1701,749,96
G,Kowloon City - Kowloon Tong,G,G10,1729,209,651,268,7,511,1685,2066,807,120
G,Kowloon City - Lung Shing,G,G11,1388,101,848,245,-,1396,1052,1634,699,167
G,Kowloon City - Kai Tak North,G,G12,1362,133,879,193,48,678,957,1706,659,139
G,Kowloon City - Kai Tak East,G,G13,1361,139,974,164,11,496,618,2132,496,94
G,Kowloon City - Kai Tak Central & South,G,G14,1356,191,879,341,44,775,2035,2433,1092,141
G,Kowloon City - Hoi Sham,G,G15,1725,74,319,146,29,1361,1158,2048,577,194
G,Kowloon City - To Kwa Wan North,G,G16,1109,71,237,225,6,1082,876,1117,225,48
G,Kowloon City - To Kwa Wan South,G,G17,866,114,218,45,21,1196,1180,1769,660,96
G,Kowloon City - Hok Yuen Laguna Verde,G,G18,1539,351,535,281,90,1035,2013,2150,833,130
G,Kowloon City - Whampoa East,G,G19,1569,326,637,444,50,1044,2161,2220,903,229
G,Kowloon City - Whampoa West,G,G20,2077,487,706,180,38,1367,2827,2753,959,351
G,Kowloon City - Hung Hom Bay,G,G21,1765,236,880,418,44,1529,1939,2337,850,274
G,Kowloon City - Hung Hom,G,G22,867,190,468,156,27,967,910,1783,649,74
G,Kowloon City - Ka Wai,G,G23,1709,216,596,276,11,1713,2080,2425,986,265
G,Kowloon City - Oi Man,G,G24,1279,235,589,218,-,716,1376,2203,513,186
G,Kowloon City - Oi Chun,G,G25,967,149,303,236,12,682,1156,1559,622,129
H,Wong Tai Sin - Lung Tsui,H,H01,922,117,847,301,44,630,1425,2373,849,178
H,Wong Tai Sin - Lung Ha,H,H02,1237,86,342,169,29,760,1303,2216,852,167
H,Wong Tai Sin - Lung Sheung,H,H03,1394,161,824,321,-,925,1152,2807,1215,275
H,Wong Tai Sin - Fung Wong,H,H04,1399,138,588,198,31,909,1133,2232,925,407
H,Wong Tai Sin - Fung Tak,H,H05,1027,64,257,213,24,896,1016,2404,827,164
H,Wong Tai Sin - Lung Sing,H,H06,796,268,1150,426,25,809,2148,3024,1319,253
H,Wong Tai Sin - San Po Kong,H,H07,1278,149,998,261,41,1131,1529,2740,1161,274
H,Wong Tai Sin - Tung Tau,H,H08,1207,226,1381,349,34,952,1592,3355,796,177
H,Wong Tai Sin - Tung Mei,H,H09,947,151,664,210,1,633,974,2515,883,197
H,Wong Tai Sin - Lok Fu,H,H10,639,228,818,196,75,519,1036,2087,849,134
H,Wong Tai Sin - Wang Tau Hom,H,H11,807,81,825,218,11,773,1156,2665,1047,249
H,Wong Tai Sin - Tin Keung,H,H12,468,188,640,118,22,444,1225,2413,1222,203
H,Wong Tai Sin - Tsui Chuk & Pang Ching,H,H13,787,62,577,124,39,579,1284,2561,983,189
H,Wong Tai Sin - Chuk Yuen South,H,H14,1027,159,464,171,-,759,1052,2065,711,131
H,Wong Tai Sin - Chuk Yuen North,H,H15,809,62,364,177,4,637,1092,2161,681,238
H,Wong Tai Sin - Tsz Wan West,H,H16,1356,129,597,187,11,937,1037,2726,1148,308
H,Wong Tai Sin - Ching Oi,H,H17,1408,179,1002,345,-,1078,1690,2960,1233,275
H,Wong Tai Sin - Ching On,H,H18,1302,197,496,147,16,958,1535,2625,808,323
H,Wong Tai Sin - Tsz Wan East,H,H19,1635,245,616,361,116,1068,1355,2716,1141,334
H,Wong Tai Sin - King Fu,H,H20,1316,78,1040,296,60,784,1749,3217,1627,427
H,Wong Tai Sin - Choi Wan East,H,H21,816,243,1040,336,72,306,1366,2332,796,354
H,Wong Tai Sin - Choi Wan South,H,H22,621,164,669,339,-,479,709,1833,429,332
H,Wong Tai Sin - Choi Wan West,H,H23,675,120,503,215,73,400,867,1993,715,193
H,Wong Tai Sin - Chi Choi,H,H24,1172,146,958,229,35,555,1636,2707,1027,287
H,Wong Tai Sin - Choi Hung,H,H25,566,209,470,243,32,663,866,1897,685,157
J,Kwun Tong - Kwun Tong Central,J,J01,1340,231,480,302,21,2249,1471,1501,936,206
J,Kwun Tong - Kowloon Bay,J,J02,891,136,859,323,18,1267,1607,1302,897,213
J,Kwun Tong - Kai Yip,J,J03,1128,166,668,424,39,2098,1201,2118,1141,253
J,Kwun Tong - Lai Ching,J,J04,782,72,672,195,18,1633,1744,1692,801,86
J,Kwun Tong - Ping Shek,J,J05,548,175,1027,191,-,1078,1341,2087,951,201
J,Kwun Tong - Choi Tak,J,J06,1181,240,775,361,19,1203,1154,1645,478,190
J,Kwun Tong - Jordan Valley,J,J07,1731,355,779,496,40,1918,1136,2302,845,197
J,Kwun Tong - Shun Tin,J,J08,1446,142,465,194,108,1855,1084,1481,976,161
J,Kwun Tong - Sheung Shun,J,J09,1525,264,1245,282,78,1434,1761,1860,1331,317
J,Kwun Tong - On Lee,J,J10,1225,224,815,346,83,1527,968,1318,1071,221
J,Kwun Tong - Kwun Tong On Tai,J,J11,2638,727,1739,753,119,1403,1318,1444,1039,274
J,Kwun Tong - Sau Mau Ping North,J,J12,1336,213,411,401,23,1961,1264,1575,864,328
J,Kwun Tong - Sau Mau Ping Central,J,J13,1707,164,622,436,31,1801,1120,1523,887,204
J,Kwun Tong - On Tat,J,J14,2136,524,1027,547,74,1757,1641,1350,747,169
J,Kwun Tong - Sau Mau Ping South,J,J15,1877,221,552,427,56,1991,1235,1412,729,210
J,Kwun Tong - Po Tat,J,J16,1191,361,411,361,10,1871,1483,1361,985,324
J,Kwun Tong - Kwong Tak,J,J17,1171,140,476,269,13,1415,1564,1395,960,227
J,Kwun Tong - Hing Tin,J,J18,1058,123,219,179,-,1571,1472,1248,1081,270
J,Kwun Tong - Lam Tin,J,J19,1846,346,598,288,19,1950,1640,1729,915,111
J,Kwun Tong - Ping Tin,J,J20,1440,270,501,510,39,2064,1615,1651,935,162
J,Kwun Tong - Pak Nga,J,J21,744,278,438,126,40,1281,1699,1182,479,262
J,Kwun Tong - Chun Cheung,J,J22,1147,494,731,464,10,1067,1969,1317,905,255
J,Kwun Tong - Yau Tong East,J,J23,926,151,271,248,17,1271,1448,869,487,187
J,Kwun Tong - Yau Chui,J,J24,1552,464,1040,516,88,1096,2084,1603,1001,339
J,Kwun Tong - Yau Lai,J,J25,1528,268,410,343,29,1293,1565,1187,696,199
J,Kwun Tong - Yau Tong West,J,J26,1393,389,499,688,-,2381,2389,1652,907,303
J,Kwun Tong - Laguna City,J,J27,897,810,1222,777,99,2318,2891,1870,1234,329
J,Kwun Tong - King Tin,J,J28,1396,592,1012,547,42,1938,2879,1831,1109,177
J,Kwun Tong - Tsui Ping,J,J29,1311,308,538,192,10,1998,1186,1471,996,328
J,Kwun Tong - Hiu Lai,J,J30,1208,195,677,271,34,1971,1816,1381,787,212
J,Kwun Tong - Po Lok,J,J31,629,155,343,195,26,1524,1047,1155,786,121
J,Kwun Tong - Yuet Wah,J,J32,1155,222,462,98,19,2022,990,1223,575,117
J,Kwun Tong - Hip Hong,J,J33,1590,172,295,314,28,1827,1257,1378,632,210
J,Kwun Tong - Lok Wah South,J,J34,819,154,313,135,26,1037,916,780,617,225
J,Kwun Tong - Lok Wah North,J,J35,664,104,342,177,12,1221,740,1170,733,151
J,Kwun Tong - Hong Lok,J,J36,1449,222,400,345,13,2012,1343,1228,857,228
J,Kwun Tong - Ting On,J,J37,1315,95,385,273,-,1587,1198,1354,945,281
J,Kwun Tong - Upper Ngau Tau Kok Estate,J,J38,1176,129,339,267,35,1467,979,1164,729,155
J,Kwun Tong - Lower Ngau Tau Kok Estate,J,J39,1417,270,798,278,21,1609,1570,1806,959,259
J,Kwun Tong - To Tai,J,J40,1055,126,564,237,12,2202,2034,1773,1076,233
K,Tsuen Wan - Tak Wah,6,K01,1484,55,328,344,39,1386,780,1070,1005,342
K,Tsuen Wan - Yeung Uk Road,6,K02,1796,119,507,534,6,1665,857,1450,1454,246
K,Tsuen Wan - Tsuen Wan South,6,K03,1554,360,1058,618,252,1736,2418,2946,2223,515
K,Tsuen Wan - Hoi Bun,6,K04,1420,194,691,480,84,1397,1534,2714,1778,358
K,Tsuen Wan - Tsuen Wan West,6,K05,1865,387,1042,707,43,1243,2678,3066,1788,486
K,Tsuen Wan - Clague Garden,6,K06,1524,111,496,554,64,1692,1043,1333,1200,392
K,Tsuen Wan - Tsuen Wan Centre,6,K07,907,176,482,401,12,1312,1257,2179,1325,390
K,Tsuen Wan - Discovery Park,6,K08,1189,154,582,509,105,1517,2226,2069,1408,190
K,Tsuen Wan - Fuk Loi,6,K09,1015,42,234,488,9,1457,549,1042,862,353
K,Tsuen Wan - Luk Yeung,6,K10,961,70,455,323,9,815,1571,1415,1194,327
K,Tsuen Wan - Ma Wan,6,K11,457,272,695,985,-,112,2512,1661,1486,326
K,Tsuen Wan - Tsuen Wan Rural,6,K12,1169,177,742,335,-,1056,1895,2230,1688,508
K,Tsuen Wan - Ting Sham,6,K13,990,124,768,513,36,906,2040,1881,1408,555
K,Tsuen Wan - Lai To,6,K14,1176,230,728,820,40,1356,1699,1868,1567,346
K,Tsuen Wan - Allway,6,K15,1547,137,579,489,62,1492,1372,2005,1764,290
K,Tsuen Wan - Cheung Shek,6,K16,734,139,361,353,7,1203,566,1018,1454,238
K,Tsuen Wan - Shek Wai Kok,6,K17,749,144,280,218,19,1157,523,1170,1084,256
K,Tsuen Wan - Lei Muk Shue West,6,K18,837,114,288,818,9,1051,867,1369,1692,224
K,Tsuen Wan - Lei Muk Shue East,6,K19,991,198,634,1070,14,1357,1041,2166,2422,348
L,Tuen Mun - Tuen Mun Town Centre,12,L01,2409,56,355,190,11,1912,1773,1947,2136,796
L,Tuen Mun - Siu Chi,12,L02,1783,134,307,304,20,2118,1461,1844,1962,604
L,Tuen Mun - On Ting,12,L03,1020,84,189,257,13,1873,601,1210,1514,279
L,Tuen Mun - Siu Tsui,12,L04,2179,147,246,213,17,1781,1052,1856,1650,563
L,Tuen Mun - Yau Oi South,12,L05,1350,111,122,174,56,1760,425,921,1006,515
L,Tuen Mun - Yau Oi North,12,L06,1675,109,261,148,23,1566,647,1352,1364,506
L,Tuen Mun - Tsui Hing,12,L07,2432,195,247,361,5,1665,1372,2018,1923,545
L,Tuen Mun - Shan King,12,L08,1505,90,142,184,12,1790,371,1178,1430,268
L,Tuen Mun - King Hing,12,L09,1334,97,204,351,9,1798,541,1081,1061,414
L,Tuen Mun - Hing Tsak,12,L10,1080,94,231,241,12,1811,498,1237,1323,438
L,Tuen Mun - San Hui,12,L11,1551,112,474,337,37,2597,919,1462,1655,687
L,Tuen Mun - So Kwun Wat,12,L12,1141,142,447,381,38,860,994,1179,1534,315
L,Tuen Mun - Sam Shing,12,L13,1321,88,488,400,25,1173,1016,1327,1393,418
L,Tuen Mun - Hanford,12,L14,1295,123,490,148,84,1167,1054,1247,1538,357
L,Tuen Mun - Yuet Wu,12,L15,1240,62,180,134,14,1351,763,1337,1529,402
L,Tuen Mun - Siu Hei,12,L16,1056,87,147,192,44,1463,652,1114,1254,173
L,Tuen Mun - Wu King,12,L17,1745,83,221,150,-,1331,483,874,646,287
L,Tuen Mun - Butterfly,12,L18,1437,54,83,175,-,1698,562,980,1253,491
L,Tuen Mun - Fu Sun,12,L19,2048,58,265,238,35,1973,925,1772,2205,525
L,Tuen Mun - Lok Tsui,12,L20,1860,104,210,422,14,1040,920,1253,1746,633
L,Tuen Mun - Lung Mun,12,L21,1882,73,216,329,6,2040,778,1310,1395,483
L,Tuen Mun - San King,12,L22,798,33,193,202,13,1937,444,951,1395,458
L,Tuen Mun - Leung King,12,L23,1061,14,78,136,8,1681,551,750,1210,425
L,Tuen Mun - Tin King,12,L24,1062,29,57,175,-,1775,696,990,1101,460
L,Tuen Mun - Po Tin,12,L25,1236,62,117,183,50,1410,472,1074,1127,616
L,Tuen Mun - Kin Sang,12,L26,1332,108,290,270,18,2274,775,1728,1655,555
L,Tuen Mun - Siu Hong,12,L27,1124,97,35,133,-,1107,525,923,1283,616
L,Tuen Mun - Yan Tin,12,L28,2904,80,292,1485,51,1339,282,719,1540,479
L,Tuen Mun - Tuen Mun Rural,11,L29,1783,160,608,957,204,2120,1384,2115,3008,1016
L,Tuen Mun - Fu Tai,12,L30,2055,157,361,342,20,2154,749,1598,1897,536
L,Tuen Mun - Prime View,12,L31,2384,114,260,306,12,2123,1892,2640,2250,623
M,Yuen Long - Fung Nin,9,M01,1443,138,259,588,44,991,1078,1463,2093,912
M,Yuen Long - Yuen Long Centre,9,M02,821,37,236,701,104,922,786,1225,1371,895
M,Yuen Long - Fung Cheung,9,M03,1001,128,275,638,210,853,975,1474,1799,737
M,Yuen Long - Yuen Lung,9,M04,892,85,403,453,220,452,1473,1715,1465,337
M,Yuen Long - Shap Pat Heung Central,9,M05,2018,243,484,1319,131,914,2296,2815,2762,791
M,Yuen Long - Shui Pin,9,M06,1797,139,255,925,152,1282,868,1672,2188,762
M,Yuen Long - Nam Ping,9,M07,708,171,73,330,122,894,609,1085,1684,781
M,Yuen Long - Pek Long,9,M08,695,46,178,209,54,1137,476,971,1757,504
M,Yuen Long - Yuen Long Tung Tau,9,M09,760,109,345,885,161,493,1324,1713,1614,579
M,Yuen Long - Shap Pat Heung North,9,M10,909,63,148,793,224,457,907,1195,1669,582
M,Yuen Long - Shap Pat Heung East,M,M11,324,39,265,2220,-,420,539,957,2582,218
M,Yuen Long - Shap Pat Heung West,M,M12,248,92,427,2302,15,730,1400,2167,3279,506
M,Yuen Long - Ping Shan South,9,M13,114,100,413,1867,29,443,1142,1772,2821,263
M,Yuen Long - Hung Fuk,11,M14,84,63,203,2540,312,93,235,496,2082,517
M,Yuen Long - Ha Tsuen,11,M15,-,153,484,1885,323,497,795,1364,3408,1221
M,Yuen Long - Ping Shan Central,9,M16,462,41,446,2212,2,394,908,1289,2887,782
M,Yuen Long - Shing Yan,10,M17,507,107,150,1528,41,329,791,1519,2611,678
M,Yuen Long - Tin Shing,10,M18,633,33,222,471,12,367,715,1143,1626,567
M,Yuen Long - Tin Yiu,10,M19,889,63,147,389,31,492,523,983,1697,650
M,Yuen Long - Yiu Yau,10,M20,980,140,258,477,37,649,382,1064,1679,663
M,Yuen Long - Tsz Yau,10,M21,940,63,178,501,67,588,598,1102,2211,486
M,Yuen Long - Kingswood South,10,M22,1569,168,493,753,107,543,1496,2074,2350,540
M,Yuen Long - Shui Oi,10,M23,1237,122,201,553,69,749,866,1156,2596,691
M,Yuen Long - Shui Wah,10,M24,931,53,298,355,131,767,553,942,2056,459
M,Yuen Long - Chung Wah,10,M25,1215,12,249,602,96,847,784,1267,2148,679
M,Yuen Long - Chung Pak,10,M26,1278,36,249,584,86,661,1139,1590,2071,666
M,Yuen Long - Kingswood North,10,M27,1748,200,462,923,132,306,1781,2504,2936,815
M,Yuen Long - Yuet Yan,10,M28,1124,54,336,668,82,961,698,973,2578,701
M,Yuen Long - Ching King,10,M29,2222,130,638,1154,153,911,629,935,2300,872
M,Yuen Long - Fu Yan,10,M30,2067,206,424,770,141,777,975,1326,2648,945
M,Yuen Long - Yat Chak,10,M31,1187,90,622,383,100,1311,942,1254,2202,765
M,Yuen Long - Tin Heng,10,M32,1579,187,576,898,101,1196,836,1609,3229,866
M,Yuen Long - Wang Yat,10,M33,1712,225,572,1010,105,1066,807,1415,2677,932
M,Yuen Long - Ping Shan North,9,M34,654,77,345,1542,78,691,589,1009,1791,604
M,Yuen Long - Fairview Park,M,M35,335,150,496,1442,40,328,1324,2219,2801,238
M,Yuen Long - San Tin,M,M36,491,132,457,1726,27,500,602,725,2076,265
M,Yuen Long - Kam Tin,M,M37,421,61,634,1983,17,512,1559,2334,2956,548
M,Yuen Long - Pat Heung North,M,M38,270,45,373,1119,22,685,611,1400,2325,215
M,Yuen Long - Pat Heung South,M,M39,576,123,568,1649,21,505,1827,2578,2782,392
N,North - Luen Wo Hui,8,N01,1732,92,379,683,69,1818,966,1765,1936,721
N,North - Fanling Town,8,N02,1611,43,228,560,-,1017,504,897,1704,286
N,North - Cheung Wah,8,N03,1107,53,309,236,29,1376,585,1495,1524,530
N,North - Wah Do,8,N04,1552,75,490,660,13,1127,766,1950,2317,398
N,North - Wah Ming,8,N05,894,87,70,306,-,1431,522,1454,1462,535
N,North - Yan Shing,8,N06,1488,62,426,714,-,1592,904,2269,2333,665
N,North - Fanling South,8,N07,1301,117,374,658,25,739,776,1994,1908,385
N,North - Shing Fuk,8,N08,788,31,157,324,55,965,632,1416,1655,435
N,North - Ching Ho,8,N09,2109,236,622,807,54,2017,456,958,1777,587
N,North - Yu Tai,8,N10,1738,82,262,901,57,1159,536,1488,1886,647
N,North - Sheung Shui Rural,8,N11,717,47,463,2276,129,581,793,1156,1941,613
N,North - Choi Yuen,8,N12,1145,55,316,376,17,1386,720,1551,1742,464
N,North - Shek Wu Hui,8,N13,2250,124,387,661,114,1468,1282,1411,1965,810
N,North - Tin Ping West,8,N14,738,29,146,249,13,1066,332,1256,1158,361
N,North - Fung Tsui,8,N15,1798,60,340,599,74,1539,685,1444,2007,621
N,North - Sha Ta,N,N16,273,30,216,1727,-,540,705,943,2355,365
N,North - Tin Ping East,8,N17,1655,69,268,466,41,1158,775,1448,1497,574
N,North - Queen's Hill,8,N18,238,150,412,2486,35,672,630,1300,2426,426
P,Tai Po - Tai Po Hui,4,P01,2350,42,205,434,15,2212,448,1099,1075,278
P,Tai Po - Chung Ting,4,P02,1345,41,142,195,-,1612,858,1853,1356,337
P,Tai Po - Tai Po Central,4,P03,1280,44,227,216,-,1266,734,1814,1313,405
P,Tai Po - Tai Yuen,4,P04,1238,59,91,249,-,1858,456,826,1031,170
P,Tai Po - Fu Heng,4,P05,630,95,43,229,40,1975,630,1343,1050,282
P,Tai Po - Yee Fu,4,P06,1045,37,227,218,27,1529,616,1713,1137,410
P,Tai Po - Fu Ming Sun,4,P07,1072,49,106,129,29,1512,912,1158,1018,432
P,Tai Po - Kwong Fuk & Plover Cove,4,P08,770,87,81,301,18,1215,757,1015,896,273
P,Tai Po - Wang Fuk,4,P09,1818,136,966,1143,45,1379,2109,2949,2224,518
P,Tai Po - Tai Po Kau,4,P10,1435,144,578,756,114,1051,1631,2553,1706,431
P,Tai Po - Wan Tau Tong,4,P11,1132,86,143,201,8,1730,600,1546,1305,431
P,Tai Po - San Fu,4,P12,1265,37,444,466,-,1164,1144,1780,1253,315
P,Tai Po - Lam Tsuen Valley,4,P13,36,33,438,2376,33,62,801,2175,2854,425
P,Tai Po - Po Nga,4,P14,1366,61,190,251,40,1564,1138,2093,1477,323
P,Tai Po - Tai Wo,4,P15,926,1,97,79,7,1229,302,997,1185,439
P,Tai Po - Old Market & Serenity,4,P16,1710,46,422,432,11,1162,1123,2527,1980,425
P,Tai Po - Hong Lok Yuen,4,P17,1665,87,700,908,28,1181,1169,1974,1675,399
P,Tai Po - Shuen Wan,4,P18,2373,59,328,478,49,1473,1181,2046,1785,567
P,Tai Po - Sai Kung North,1,P19,182,164,439,1476,226,81,817,2344,1737,277
Q,Sai Kung - Sai Kung Central,Q,Q01,529,271,299,506,-,1045,796,1868,983,103
Q,Sai Kung - Pak Sha Wan,Q,Q02,543,242,787,751,-,574,1438,2562,752,131
Q,Sai Kung - Sai Kung Islands,Q,Q03,463,169,330,826,9,760,833,2050,1185,72
Q,Sai Kung - Hang Hau East,3,Q04,1458,390,867,638,56,967,1637,1768,704,437
Q,Sai Kung - Hang Hau West,3,Q05,1243,563,1259,841,73,868,2283,2900,907,504
Q,Sai Kung - Choi Kin,3,Q06,1504,160,683,199,45,1443,1665,2864,738,186
Q,Sai Kung - Kin Ming,3,Q07,909,292,490,351,55,1738,1828,2191,596,129
Q,Sai Kung - Do Shin,3,Q08,1076,791,744,146,148,284,2244,2266,435,89
Q,Sai Kung - Wai King,3,Q09,1086,464,706,109,42,259,2407,2679,637,197
Q,Sai Kung - Hoi Chun,3,Q10,1853,830,1009,188,189,556,4861,3813,835,276
Q,Sai Kung - Po Yee,3,Q11,1720,290,670,244,43,962,1551,2126,658,301
Q,Sai Kung - Fu Kwan,3,Q12,1724,517,626,165,100,997,2902,3174,720,341
Q,Sai Kung - O Tong,3,Q13,1440,410,983,229,49,584,2929,3090,763,200
Q,Sai Kung - Sheung Tak,3,Q14,1089,113,196,84,38,1927,1536,2328,453,204
Q,Sai Kung - Kwong Ming,3,Q15,1133,209,264,214,-,795,1912,2877,676,302
Q,Sai Kung - Hong King,3,Q16,739,115,437,137,97,696,1618,2123,523,139
Q,Sai Kung - Tsui Lam,3,Q17,775,70,226,107,27,1020,1161,2235,481,144
Q,Sai Kung - Po Lam,3,Q18,774,92,169,105,11,1490,1153,2190,427,109
Q,Sai Kung - Yan Ying,3,Q19,1355,428,500,117,77,972,2484,2855,675,287
Q,Sai Kung - Wai Yan,3,Q20,930,214,502,124,57,629,1865,2546,543,325
Q,Sai Kung - Wan Hang,3,Q21,1435,425,588,197,30,367,1829,2496,573,195
Q,Sai Kung - King Lam,3,Q22,744,144,228,61,31,1372,1730,1913,522,290
Q,Sai Kung - Hau Tak,3,Q23,1019,327,416,182,87,1430,1735,2239,506,364
Q,Sai Kung - Fu Nam,3,Q24,1157,166,571,154,37,670,2304,2763,391,440
Q,Sai Kung - Tak Ming,3,Q25,1146,296,587,153,79,1158,2390,2853,594,470
Q,Sai Kung - Nam On,3,Q26,1105,430,840,103,123,764,2287,2832,616,411
Q,Sai Kung - Kwan Po,3,Q27,1266,608,527,117,223,442,2245,2207,434,321
Q,Sai Kung - Wan Po North,3,Q28,1294,714,889,125,49,414,3564,3369,620,146
Q,Sai Kung - Wan Po South,3,Q29,1940,1467,1636,288,324,881,6398,5433,977,552
R,Sha Tin - Sha Tin Town Centre,2,R01,1531,144,699,219,27,1449,1782,2354,1254,316
R,Sha Tin - Lek Yuen,2,R02,1777,110,316,360,12,1466,596,1537,1165,279
R,Sha Tin - Wo Che Estate,2,R03,1512,78,260,334,-,1891,871,1874,1191,343
R,Sha Tin - City One,2,R04,1170,115,455,177,52,1102,1267,2323,1006,422
R,Sha Tin - Yue Shing,2,R05,1193,139,315,164,33,899,1723,2625,926,318
R,Sha Tin - Wong Uk,2,R06,1600,78,283,98,52,1203,1575,2245,1268,415
R,Sha Tin - Sha Kok,2,R07,1102,28,170,156,19,1226,817,1502,1057,272
R,Sha Tin - Pok Hong,2,R08,974,99,156,318,10,1482,901,1786,955,403
R,Sha Tin - Shui Chuen O,2,R09,3216,150,516,948,36,1222,867,1530,1514,286
R,Sha Tin - Jat Chuen,2,R10,2400,50,557,351,19,1335,951,1981,1402,280
R,Sha Tin - Chun Fung,2,R11,1389,85,315,258,81,1234,1058,1976,796,259
R,Sha Tin - Sun Tin Wai,2,R12,1114,72,395,149,5,1184,992,1847,1216,298
R,Sha Tin - Chui Tin,2,R13,1058,139,427,212,16,1058,953,1867,1037,262
R,Sha Tin - Hin Ka,2,R14,859,116,272,54,15,799,809,1684,1185,225
R,Sha Tin - Lower Shing Mun,2,R15,1963,143,798,378,35,1633,1144,1450,1333,212
R,Sha Tin - Wan Shing,2,R16,1791,297,1759,408,28,657,1699,2564,1132,228
R,Sha Tin - Keng Hau,2,R17,1351,129,668,274,72,1207,1362,2134,1351,339
R,Sha Tin - Tin Sum,2,R18,907,102,269,266,17,1374,763,1458,1050,176
R,Sha Tin - Chui Ka,2,R19,1211,96,387,251,12,1101,986,2160,1110,582
R,Sha Tin - Tai Wai,2,R20,1321,118,634,339,39,1586,1300,2460,1089,321
R,Sha Tin - Chung Tin,2,R21,1325,99,422,263,14,1084,1255,2075,921,262
R,Sha Tin - Sui Wo,2,R22,2140,174,776,929,112,1595,1556,2704,1638,393
R,Sha Tin - Fo Tan,2,R23,1780,154,1130,664,10,1712,2036,2508,1500,242
R,Sha Tin - Chun Ma,2,R24,1839,159,660,238,14,1224,1075,1966,780,211
R,Sha Tin - Hoi Nam,1,R25,794,138,678,1360,44,140,1051,2258,1816,267
R,Sha Tin - Chung On,1,R26,590,172,520,762,31,480,1157,2047,1892,284
R,Sha Tin - Kam To,1,R27,1411,66,470,1044,26,511,1022,2597,2373,342
R,Sha Tin - Ma On Shan Town Centre,1,R28,893,292,568,1019,24,363,1583,2488,2083,371
R,Sha Tin - Wu Kai Sha,1,R29,1016,288,1047,1778,133,252,2234,3689,2542,468
R,Sha Tin - Lee On,1,R30,864,132,313,934,26,628,748,1967,2027,309
R,Sha Tin - Fu Lung,1,R31,790,67,340,701,9,376,1170,2623,2051,201
R,Sha Tin - Kam Ying,1,R32,973,153,456,696,22,438,1417,2489,2607,224
R,Sha Tin - Yiu On,1,R33,693,25,218,350,31,598,914,1591,2245,409
R,Sha Tin - Heng On,1,R34,1438,87,234,326,32,704,1171,1704,2409,209
R,Sha Tin - Tai Shui Hang,1,R35,1020,79,316,904,15,691,1177,2154,2606,202
R,Sha Tin - On Tai,1,R36,789,122,311,781,11,191,1060,2006,1586,161
R,Sha Tin - Yu Yan,1,R37,2355,151,662,353,18,1656,1545,2571,1213,170
R,Sha Tin - Di Yee,2,R38,2165,117,580,1173,39,928,1032,2082,1183,221
R,Sha Tin - Bik Woo,2,R39,1894,222,611,479,23,1325,1453,2073,1410,185
R,Sha Tin - Kwong Hong,2,R40,1366,66,193,205,60,835,991,1482,722,432
R,Sha Tin - Kwong Yuen,2,R41,800,53,209,124,-,1227,760,1201,719,98
S,Kwai Tsing - Kwai Hing,7,S01,1007,85,280,263,10,987,847,1189,874,431
S,Kwai Tsing - Kwai Luen,7,S02,1523,85,550,380,24,1118,729,1342,1078,190
S,Kwai Tsing - Kwai Shing East Estate,7,S03,1127,60,270,449,-,1401,888,1532,1221,375
S,Kwai Tsing - Upper Tai Wo Hau,7,S04,1324,112,440,503,63,903,700,1357,1341,305
S,Kwai Tsing - Lower Tai Wo Hau,7,S05,999,193,398,419,39,664,406,1078,1446,266
S,Kwai Tsing - Kwai Chung Estate South,7,S06,1416,148,557,991,83,2240,1083,1754,2508,448
S,Kwai Tsing - Kwai Chung Estate North,7,S07,1641,331,900,671,11,1292,843,1600,1638,430
S,Kwai Tsing - Shek Yam,7,S08,1498,211,423,691,50,1635,1007,1667,1746,390
S,Kwai Tsing - Tai Pak Tin West,7,S09,1327,139,358,369,42,1883,767,1757,1242,310
S,Kwai Tsing - Tai Pak Tin East,7,S10,1544,107,332,405,59,1626,584,1070,1344,246
S,Kwai Tsing - On Yam,7,S11,1728,78,312,327,7,1125,732,1221,1400,426
S,Kwai Tsing - Shek Lei North,7,S12,1343,64,344,461,30,1269,647,1309,1102,251
S,Kwai Tsing - Shek Lei South,7,S13,1686,160,438,573,32,1604,812,1796,1495,417
S,Kwai Tsing - Kwai Fong,7,S14,1206,361,260,336,57,1609,1116,2030,1440,434
S,Kwai Tsing - Hing Fong,7,S15,1093,127,540,474,7,1069,1186,1599,1063,319
S,Kwai Tsing - Wah Lai,7,S16,694,171,707,299,25,1077,1241,1747,1018,265
S,Kwai Tsing - Lai Wah,7,S17,633,102,1099,286,14,758,1090,2291,806,288
S,Kwai Tsing - Cho Yiu,7,S18,777,220,732,388,46,866,1084,1623,891,355
S,Kwai Tsing - Lai King,7,S19,600,123,503,167,11,672,1110,1630,769,414
S,Kwai Tsing - Kwai Shing West Estate,7,S20,1484,115,356,407,25,1198,871,1912,1257,253
S,Kwai Tsing - On Ho,0,S21,810,256,741,440,23,508,1759,2259,1773,391
S,Kwai Tsing - Wai Ying,0,S22,757,436,809,469,139,450,2118,2291,1707,443
S,Kwai Tsing - Tsing Yi Estate,0,S23,740,112,263,349,37,573,1262,1865,1713,335
S,Kwai Tsing - Greenfield,0,S24,1731,115,663,892,12,527,2167,2213,2397,673
S,Kwai Tsing - Cheung Ching,0,S25,1339,140,475,761,11,827,1351,2109,2494,390
S,Kwai Tsing - Cheung Hong,0,S26,796,66,360,377,-,485,772,1388,1796,400
S,Kwai Tsing - Shing Hong,0,S27,795,90,244,363,13,655,828,1530,1537,351
S,Kwai Tsing - Tsing Yi South,0,S28,1112,164,833,1047,81,712,1467,2006,2691,529
S,Kwai Tsing - Cheung Hang,0,S29,622,43,206,525,14,561,556,1300,1362,356
S,Kwai Tsing - Ching Fat,0,S30,633,60,397,452,-,496,1441,1738,2260,436
S,Kwai Tsing - Cheung On,0,S31,501,65,156,128,26,528,525,1140,1122,555
T,Islands - Lantau,5,T01,1248,848,560,1051,107,1983,2227,1344,1160,922
T,Islands - Mun Yat,5,T02,2975,319,720,931,129,1563,1135,1785,1581,2609
T,Islands - Yat Tung Estate North,5,T03,2372,461,996,884,252,1700,1017,1956,1299,2887
T,Islands - Tung Chung South,5,T04,1274,301,480,398,219,719,2390,1757,1111,2577
T,Islands - Tung Chung Central,5,T05,1358,421,607,348,503,310,2537,2388,1078,1559
T,Islands - Tung Chung North,5,T06,1460,414,612,432,147,696,2006,1317,1014,1561
T,Islands - Discovery Bay,T,T07,1807,409,413,765,-,984,3231,1254,613,62
T,Islands - Peng Chau & Hei Ling Chau,T,T08,168,271,79,72,-,735,1122,533,221,66
T,Islands - Lamma & Po Toi,T,T09,200,349,68,124,2,628,1649,449,104,20
T,Islands - Cheung Chau,T,T10,1313,422,167,398,-,2709,3239,1228,449,41